{"accuracy": 0.6323529411764706, "precision": 0.5, "recall": 0.2, "specificity": 0.8837209302325582, "f1": 0.28571428571428575, "roc_auc": 0.5823255813953488, "fp_rates": [0.0, 0.0, 0.023255813953488372, 0.023255813953488372, 0.06976744186046512, 0.09302325581395349, 0.09302325581395349, 0.11627906976744186, 0.11627906976744186, 0.16279069767441862, 0.16279069767441862, 0.18604651162790697, 0.18604651162790697, 0.20930232558139536, 0.20930232558139536, 0.27906976744186046, 0.27906976744186046, 0.3953488372093023, 0.3953488372093023, 0.4186046511627907, 0.4186046511627907, 0.4418604651162791, 0.4418604651162791, 0.5581395348837209, 0.5581395348837209, 0.5813953488372093, 0.5813953488372093, 0.6046511627906976, 0.6046511627906976, 0.813953488372093, 0.813953488372093, 0.8837209302325582, 0.8837209302325582, 0.9302325581395349, 0.9302325581395349, 0.9767441860465116, 0.9767441860465116, 1.0, 1.0], "tp_rates": [0.0, 0.04, 0.04, 0.16, 0.16, 0.16, 0.2, 0.2, 0.28, 0.28, 0.32, 0.32, 0.36, 0.36, 0.4, 0.4, 0.48, 0.48, 0.52, 0.52, 0.56, 0.56, 0.64, 0.64, 0.68, 0.68, 0.72, 0.72, 0.76, 0.76, 0.8, 0.8, 0.88, 0.88, 0.92, 0.92, 0.96, 0.96, 1.0]}