{"accuracy": 0.6470588235294118, "precision": 0.5185185185185185, "recall": 0.56, "specificity": 0.6976744186046512, "f1": 0.5384615384615384, "roc_auc": 0.666046511627907, "fp_rates": [0.0, 0.0, 0.0, 0.09302325581395349, 0.09302325581395349, 0.11627906976744186, 0.11627906976744186, 0.18604651162790697, 0.18604651162790697, 0.27906976744186046, 0.27906976744186046, 0.3023255813953488, 0.3023255813953488, 0.3953488372093023, 0.3953488372093023, 0.627906976744186, 0.627906976744186, 0.6744186046511628, 0.6744186046511628, 0.7209302325581395, 0.7209302325581395, 0.9069767441860465, 0.9069767441860465, 0.9302325581395349, 0.9302325581395349, 1.0], "tp_rates": [0.0, 0.04, 0.12, 0.12, 0.32, 0.32, 0.48, 0.48, 0.52, 0.52, 0.56, 0.56, 0.6, 0.6, 0.72, 0.72, 0.76, 0.76, 0.84, 0.84, 0.88, 0.88, 0.92, 0.92, 1.0, 1.0]}