{"accuracy": 0.6470588235294118, "precision": 0.6, "recall": 0.12, "specificity": 0.9534883720930233, "f1": 0.19999999999999998, "roc_auc": 0.5581395348837208, "fp_rates": [0.0, 0.0, 0.0, 0.023255813953488372, 0.023255813953488372, 0.09302325581395349, 0.09302325581395349, 0.11627906976744186, 0.11627906976744186, 0.18604651162790697, 0.18604651162790697, 0.2558139534883721, 0.2558139534883721, 0.27906976744186046, 0.27906976744186046, 0.4418604651162791, 0.4418604651162791, 0.46511627906976744, 0.46511627906976744, 0.4883720930232558, 0.4883720930232558, 0.6046511627906976, 0.6046511627906976, 0.6744186046511628, 0.6744186046511628, 0.7209302325581395, 0.7209302325581395, 0.7674418604651163, 0.7674418604651163, 0.8372093023255814, 0.8372093023255814, 1.0, 1.0], "tp_rates": [0.0, 0.04, 0.08, 0.08, 0.12, 0.12, 0.2, 0.2, 0.28, 0.28, 0.32, 0.32, 0.36, 0.36, 0.44, 0.44, 0.52, 0.52, 0.56, 0.56, 0.64, 0.64, 0.68, 0.68, 0.76, 0.76, 0.8, 0.8, 0.84, 0.84, 0.88, 0.88, 1.0]}