{"accuracy": 0.5735294117647058, "precision": 0.3888888888888889, "recall": 0.28, "specificity": 0.7441860465116279, "f1": 0.32558139534883723, "roc_auc": 0.5576744186046512, "fp_rates": [0.0, 0.0, 0.023255813953488372, 0.06976744186046512, 0.2558139534883721, 0.4418604651162791, 0.5813953488372093, 0.8372093023255814, 0.9534883720930233, 1.0], "tp_rates": [0.0, 0.04, 0.08, 0.2, 0.28, 0.44, 0.72, 0.88, 0.96, 1.0]}